"16a2ef563c9d87253a2347628f796776d0987851, testConstructors, 1.2520017e+07, 9.688316e+06, -2.831701e+06
%!(EXTRA float32=-0.22617386)","16a2ef563c9d87253a2347628f796776d0987851, testKPOFCloseUsages, 1132.9441, 2978.8662, 1845.9221
%!(EXTRA float32=1.6293145)","16a2ef563c9d87253a2347628f796776d0987851, testBaseNumActiveNumIdle2, 942.3993, -466.162, -1408.5613
%!(EXTRA float32=-1.4946544)","16a2ef563c9d87253a2347628f796776d0987851, testMinIdleNoPreparePool, 3.0024574e+07, 2.8835214e+07, -1.18936e+06
%!(EXTRA float32=-0.039612874)","16a2ef563c9d87253a2347628f796776d0987851, testMinIdleNoPreparePool, 3.0025108e+07, 2.8845106e+07, -1.180002e+06
%!(EXTRA float32=-0.039300494)","16a2ef563c9d87253a2347628f796776d0987851, testMinIdleMaxActive, 9.008455e+06, 8.835575e+06, -172880
%!(EXTRA float32=-0.019190842)","16a2ef563c9d87253a2347628f796776d0987851, testMinIdle, 6.0042996e+07, 5.882922e+07, -1.213776e+06
%!(EXTRA float32=-0.020215083)","16a2ef563c9d87253a2347628f796776d0987851, testConstructors, 640.79645, -1.5029078e+06, -1.5035485e+06
%!(EXTRA float32=-2346.3745)","16a2ef563c9d87253a2347628f796776d0987851, testStartAndStopEvictor, 4.0027372e+07, 3.7851756e+07, -2.175616e+06
%!(EXTRA float32=-0.054353233)","16a2ef563c9d87253a2347628f796776d0987851, testSettersAndGetters, 168.42993, -1146.2087, -1314.6387
%!(EXTRA float32=-7.805256)","16a2ef563c9d87253a2347628f796776d0987851, testEvictionWithNegativeNumTests, 4.004755e+07, 3.87027e+07, -1.344852e+06
%!(EXTRA float32=-0.03358135)","16a2ef563c9d87253a2347628f796776d0987851, testMinIdle, 6.0043996e+07, 5.877086e+07, -1.273136e+06
%!(EXTRA float32=-0.02120339)","16a2ef563c9d87253a2347628f796776d0987851, testBaseClosePool, 446.34277, 804.27185, 357.92908
%!(EXTRA float32=0.80191517)","094266f6a51a974ffb6dc264bcb6f7c13801fd96, testKPOFCloseUsages, 1042.3761, 1939.4272, 897.05115
%!(EXTRA float32=0.860583)","094266f6a51a974ffb6dc264bcb6f7c13801fd96, testLIFO, 529.3207, 1859.9956, 1330.6749
%!(EXTRA float32=2.5139296)","094266f6a51a974ffb6dc264bcb6f7c13801fd96, testLIFO, 480.56412, 1168.2032, 687.63916
%!(EXTRA float32=1.4309)","094266f6a51a974ffb6dc264bcb6f7c13801fd96, testKPOFReturnObjectUsages, 943.1647, -9563.184, -10506.349
%!(EXTRA float32=-11.139463)","094266f6a51a974ffb6dc264bcb6f7c13801fd96, testBaseAddObject, 223.0529, 618.48517, 395.43225
%!(EXTRA float32=1.7728182)","094266f6a51a974ffb6dc264bcb6f7c13801fd96, testMaxTotalLRU, 1.255348e+07, 1.2615448e+07, 61968
%!(EXTRA float32=0.004936313)","094266f6a51a974ffb6dc264bcb6f7c13801fd96, testFIFO, 450.3613, 1218.6298, 768.26843
%!(EXTRA float32=1.7058935)","094266f6a51a974ffb6dc264bcb6f7c13801fd96, testMaxIdle, 16505.74, 26878.826, 10373.086
%!(EXTRA float32=0.62845325)","094266f6a51a974ffb6dc264bcb6f7c13801fd96, testKPOFAddObjectUsage, 542.87195, -1089.5281, -1632.4
%!(EXTRA float32=-3.0069706)","094266f6a51a974ffb6dc264bcb6f7c13801fd96, testClosedPoolBehavior, 805.5066, -1185.287, -1990.7936
%!(EXTRA float32=-2.4714801)","094266f6a51a974ffb6dc264bcb6f7c13801fd96, testBaseBorrow, 524.9051, 1297.3098, 772.4047
%!(EXTRA float32=1.4715133)","094266f6a51a974ffb6dc264bcb6f7c13801fd96, testFIFO, 462.63452, 1929.9249, 1467.2904
%!(EXTRA float32=3.1715972)","094266f6a51a974ffb6dc264bcb6f7c13801fd96, testBaseAddObject, 161.23073, 287.4593, 126.22856
%!(EXTRA float32=0.7829064)","094266f6a51a974ffb6dc264bcb6f7c13801fd96, testBaseClosePool, 445.30182, 2185.515, 1740.2131
%!(EXTRA float32=3.9079404)","094266f6a51a974ffb6dc264bcb6f7c13801fd96, testKPOFClearUsages, 892.0638, -208.87811, -1100.9419
%!(EXTRA float32=-1.2341516)","2113166ed6a359adfcde240310960f1aee3f2607, testMinIdleNoPreparePool, 3.003749e+07, 2.9911996e+07, -125494
%!(EXTRA float32=-0.0041779242)","2113166ed6a359adfcde240310960f1aee3f2607, testMinIdleNoPreparePool, 3.0037616e+07, 2.991861e+07, -119006
%!(EXTRA float32=-0.003961887)","2113166ed6a359adfcde240310960f1aee3f2607, testMinIdleMaxActive, 9.009231e+06, 8.996606e+06, -12625
%!(EXTRA float32=-0.0014013404)","2113166ed6a359adfcde240310960f1aee3f2607, testMinIdle, 6.0056628e+07, 5.9927616e+07, -129012
%!(EXTRA float32=-0.0021481742)","2113166ed6a359adfcde240310960f1aee3f2607, testConstructors, 1243.6865, 3636.743, 2393.0564
%!(EXTRA float32=1.9241637)","2113166ed6a359adfcde240310960f1aee3f2607, testConstructors, 15074.259, -40634.043, -55708.3
%!(EXTRA float32=-3.6955914)","2113166ed6a359adfcde240310960f1aee3f2607, testMinIdleMaxActive, 9.009282e+06, 8.997387e+06, -11895
%!(EXTRA float32=-0.0013203555)","2113166ed6a359adfcde240310960f1aee3f2607, testStartAndStopEvictor, 4.004708e+07, 3.989257e+07, -154512
%!(EXTRA float32=-0.0038582815)","2113166ed6a359adfcde240310960f1aee3f2607, testStartAndStopEvictor, 4.004994e+07, 3.987809e+07, -171852
%!(EXTRA float32=-0.0042908927)","2113166ed6a359adfcde240310960f1aee3f2607, testEvictionWithNegativeNumTests, 4.0058972e+07, 3.9924476e+07, -134496
%!(EXTRA float32=-0.0033574093)","2113166ed6a359adfcde240310960f1aee3f2607, testEvictionWithNegativeNumTests, 4.005729e+07, 3.996776e+07, -89528
%!(EXTRA float32=-0.0022350447)","2113166ed6a359adfcde240310960f1aee3f2607, testMinIdle, 6.005545e+07, 5.9908964e+07, -146484
%!(EXTRA float32=-0.0024391706)","2113166ed6a359adfcde240310960f1aee3f2607, testConstructors, 1.2552944e+07, 1.237105e+07, -181894
%!(EXTRA float32=-0.014490162)","2113166ed6a359adfcde240310960f1aee3f2607, testConstructors, 1.2545031e+07, 1.23916e+07, -153431
%!(EXTRA float32=-0.01223039)","1d9e39095ccecdf3668236177bc17b4561382316, testSettersAndGetters, 222.79884, -1782.5109, -2005.3097
%!(EXTRA float32=-9.000539)","1d9e39095ccecdf3668236177bc17b4561382316, testSettersAndGetters, 222.87167, -2703.438, -2926.3096
%!(EXTRA float32=-13.13002)","1d9e39095ccecdf3668236177bc17b4561382316, testMaxTotalZero, 278.7695, 1103.3555, 824.58594
%!(EXTRA float32=2.957949)","1d9e39095ccecdf3668236177bc17b4561382316, testNegativeMaxActive, 267.35123, -786.04285, -1053.394
%!(EXTRA float32=-3.9401128)","1d9e39095ccecdf3668236177bc17b4561382316, testKPOFAddObjectUsage, 513.86847, -725.7222, -1239.5907
%!(EXTRA float32=-2.4122725)","1d9e39095ccecdf3668236177bc17b4561382316, testPOFBorrowObjectUsages, 1324.295, 3370.545, 2046.2499
%!(EXTRA float32=1.5451617)","1d9e39095ccecdf3668236177bc17b4561382316, testEvictionWithNegativeNumTests, 4.005615e+07, 4.0037092e+07, -19060
%!(EXTRA float32=-0.00047586812)","1d9e39095ccecdf3668236177bc17b4561382316, testPOFAddObjectUsage, 541.6314, 1144.3141, 602.6827
%!(EXTRA float32=1.1127174)","6979917d99021f44432d089588477439bee37d05, testMaxIdlePerKey, 300.15466, 3.7546692, -296.4
%!(EXTRA float32=-0.9874909)","6979917d99021f44432d089588477439bee37d05, testCreatePool, 17.292847, -40.35186, -57.644707
%!(EXTRA float32=-3.3334422)","6979917d99021f44432d089588477439bee37d05, testBaseNumActiveNumIdle, 42.25625, -10.298752, -52.555
%!(EXTRA float32=-1.2437214)","f7a6d7ae57ee0ed9e1da7967730def2c5ffe3e8c, testCheckMinIdleKeyedObjectPool, 1.4505184e+06, 1.4593698e+06, 8851.375
%!(EXTRA float32=0.0061022234)","f7a6d7ae57ee0ed9e1da7967730def2c5ffe3e8c, testMaxActive, 55.08213, -638.2985, -693.3807
%!(EXTRA float32=-12.588123)","f7a6d7ae57ee0ed9e1da7967730def2c5ffe3e8c, testMinIdle, 600652.4, 597197.1, -3455.25
%!(EXTRA float32=-0.005752455)","f7a6d7ae57ee0ed9e1da7967730def2c5ffe3e8c, testKPOFAddObjectUsage, 85.15006, -665.52734, -750.6774
%!(EXTRA float32=-8.815935)","f7a6d7ae57ee0ed9e1da7967730def2c5ffe3e8c, testLIFO, 43.562515, -309.2052, -352.7677
%!(EXTRA float32=-8.097965)","f7a6d7ae57ee0ed9e1da7967730def2c5ffe3e8c, testKPOFCloseUsages, 58.83484, -284.8813, -343.71613
%!(EXTRA float32=-5.842051)","f7a6d7ae57ee0ed9e1da7967730def2c5ffe3e8c, testBaseBorrowReturn, 34.160324, -444.80743, -478.96777
%!(EXTRA float32=-14.021172)","f7a6d7ae57ee0ed9e1da7967730def2c5ffe3e8c, testMaxTotalZero, 46.38155, -1785.8572, -1832.2388
%!(EXTRA float32=-39.503613)","f7a6d7ae57ee0ed9e1da7967730def2c5ffe3e8c, testBaseClear, 37.738903, -660.77075, -698.50964
%!(EXTRA float32=-18.509008)","f7a6d7ae57ee0ed9e1da7967730def2c5ffe3e8c, testMaxWaitMultiThreaded, 1.00203194e+06, 943293.9, -58738.062
%!(EXTRA float32=-0.05861892)","f7a6d7ae57ee0ed9e1da7967730def2c5ffe3e8c, testNumActiveNumIdle2, 65.23748, -525.24634, -590.4838
%!(EXTRA float32=-9.051297)","f7a6d7ae57ee0ed9e1da7967730def2c5ffe3e8c, testWhenExhaustedGrow, 35.361485, -387.98694, -423.34842
%!(EXTRA float32=-11.97202)","f7a6d7ae57ee0ed9e1da7967730def2c5ffe3e8c, testBlockedKeyDoesNotBlockPool, 1.00035344e+06, 995736.56, -4616.875
%!(EXTRA float32=-0.004615272)","f7a6d7ae57ee0ed9e1da7967730def2c5ffe3e8c, testClosedPoolBehavior, 70.1291, -777.89667, -848.02576
%!(EXTRA float32=-12.092353)","f7a6d7ae57ee0ed9e1da7967730def2c5ffe3e8c, testExceptionOnActivateDuringBorrow, 91.242836, -896.49255, -987.7354
%!(EXTRA float32=-10.825348)","f7a6d7ae57ee0ed9e1da7967730def2c5ffe3e8c, testFIFO, 42.950195, -301.10144, -344.05164
%!(EXTRA float32=-8.010479)","f7a6d7ae57ee0ed9e1da7967730def2c5ffe3e8c, testBaseNumActiveNumIdle, 44.46574, -684.8439, -729.30963
%!(EXTRA float32=-16.401608)","f7a6d7ae57ee0ed9e1da7967730def2c5ffe3e8c, testBaseBorrow, 40.382195, -549.28876, -589.67096
%!(EXTRA float32=-14.602252)","f7a6d7ae57ee0ed9e1da7967730def2c5ffe3e8c, testMinIdleNoPreparePool, 300325.28, 299406.1, -919.1875
%!(EXTRA float32=-0.0030606524)","f7a6d7ae57ee0ed9e1da7967730def2c5ffe3e8c, testMaxActiveZero, 43.407677, -625.1601, -668.56775
%!(EXTRA float32=-15.402062)","f7a6d7ae57ee0ed9e1da7967730def2c5ffe3e8c, testBaseNumActiveNumIdle2, 630.7432, -10048.728, -10679.471
%!(EXTRA float32=-16.931566)","f7a6d7ae57ee0ed9e1da7967730def2c5ffe3e8c, testMaxIdle, 307.9511, -1953.6101, -2261.5613
%!(EXTRA float32=-7.3438973)","f7a6d7ae57ee0ed9e1da7967730def2c5ffe3e8c, testExceptionOnDestroyDuringBorrow, 78.91187, -643.4559, -722.36774
%!(EXTRA float32=-9.154107)","f7a6d7ae57ee0ed9e1da7967730def2c5ffe3e8c, testBaseAddObject, 46.663612, -638.6783, -685.3419
%!(EXTRA float32=-14.68686)","f7a6d7ae57ee0ed9e1da7967730def2c5ffe3e8c, testMaxTotal, 66.62761, -698.9659, -765.5935
%!(EXTRA float32=-11.490635)","f7a6d7ae57ee0ed9e1da7967730def2c5ffe3e8c, testMinIdleMaxActive, 900890.4, 899223.06, -1667.3125
%!(EXTRA float32=-0.0018507496)","f7a6d7ae57ee0ed9e1da7967730def2c5ffe3e8c, testBaseInvalidateObject, 33.56413, -740.40356, -773.9677
%!(EXTRA float32=-23.059372)","f7a6d7ae57ee0ed9e1da7967730def2c5ffe3e8c, testNegativeMaxActive, 53.08426, -621.99963, -675.08386
%!(EXTRA float32=-12.717214)","f7a6d7ae57ee0ed9e1da7967730def2c5ffe3e8c, testKPOFBorrowObjectUsages, 88.75791, -256.53543, -345.29333
%!(EXTRA float32=-3.8902824)","f7a6d7ae57ee0ed9e1da7967730def2c5ffe3e8c, testKPOFInvalidateObjectUsages, 250146.22, 249341.38, -804.84375
%!(EXTRA float32=-0.003217518)","f7a6d7ae57ee0ed9e1da7967730def2c5ffe3e8c, testExceptionOnDestroyDuringReturn, 75.407936, -876.0888, -951.49677
%!(EXTRA float32=-12.617992)","f7a6d7ae57ee0ed9e1da7967730def2c5ffe3e8c, testKPOFReturnObjectUsages, 95.56845, -199.49606, -295.0645
%!(EXTRA float32=-3.087468)","f7a6d7ae57ee0ed9e1da7967730def2c5ffe3e8c, testEvictionOrder, 2.0012561e+06, 1.9990692e+06, -2186.875
%!(EXTRA float32=-0.0010927563)","f7a6d7ae57ee0ed9e1da7967730def2c5ffe3e8c, testExceptionOnPassivateDuringReturn, 65.47226, -1013.3794, -1078.8517
%!(EXTRA float32=-16.477997)","5392bccc645803a66541ec1e01172a22f50da7d9, testCheckMinIdleKeyedObjectPool, 1.4509752e+06, 1.4394432e+06, -11532
%!(EXTRA float32=-0.007947736)","5392bccc645803a66541ec1e01172a22f50da7d9, testCheckMinIdleObjectPool, 1.4506588e+06, 1.4387051e+06, -11953.625
%!(EXTRA float32=-0.008240128)","5392bccc645803a66541ec1e01172a22f50da7d9, testMinIdle, 601384.56, 591717.4, -9667.1875
%!(EXTRA float32=-0.016074894)","5392bccc645803a66541ec1e01172a22f50da7d9, testKPOFAddObjectUsage, 407.38754, -11627.915, -12035.303
%!(EXTRA float32=-29.542639)","5392bccc645803a66541ec1e01172a22f50da7d9, testMaxTotalLRU, 125906.29, 118769.88, -7136.4062
%!(EXTRA float32=-0.056680303)","5392bccc645803a66541ec1e01172a22f50da7d9, testLIFO, 439.48853, -7164.331, -7603.8193
%!(EXTRA float32=-17.30152)","5392bccc645803a66541ec1e01172a22f50da7d9, testKPOFClearUsages, 607.1687, -7569.9473, -8177.116
%!(EXTRA float32=-13.467618)","5392bccc645803a66541ec1e01172a22f50da7d9, testMaxTotalPerKeyZero, 418.9404, -8052.3633, -8471.304
%!(EXTRA float32=-20.220785)","5392bccc645803a66541ec1e01172a22f50da7d9, testKPOFCloseUsages, 623.5536, -10921.085, -11544.639
%!(EXTRA float32=-18.514269)","5392bccc645803a66541ec1e01172a22f50da7d9, testToString, 350.9282, -11600.595, -11951.522
%!(EXTRA float32=-34.05689)","5392bccc645803a66541ec1e01172a22f50da7d9, testWhenExhaustedBlockClosePool, 400771.62, 389010.44, -11761.1875
%!(EXTRA float32=-0.029346388)","5392bccc645803a66541ec1e01172a22f50da7d9, testBaseBorrowReturn, 328.79535, -10670.548, -10999.343
%!(EXTRA float32=-33.45346)","5392bccc645803a66541ec1e01172a22f50da7d9, testMaxTotalZero, 390.29315, -6715.6875, -7105.9805
%!(EXTRA float32=-18.206778)","5392bccc645803a66541ec1e01172a22f50da7d9, testBaseClear, 341.32568, -9809.959, -10151.285
%!(EXTRA float32=-29.740757)","5392bccc645803a66541ec1e01172a22f50da7d9, testMaxWaitMultiThreaded, 2.00228e+06, 1.9834018e+06, -18878.25
%!(EXTRA float32=-0.009428396)","5392bccc645803a66541ec1e01172a22f50da7d9, testNumActiveNumIdle2, 468.94968, -7948.6636, -8417.613
%!(EXTRA float32=-17.949928)","5392bccc645803a66541ec1e01172a22f50da7d9, testBlockedKeyDoesNotBlockPool, 1.00134256e+06, 993861.4, -7481.1875
%!(EXTRA float32=-0.0074711633)","5392bccc645803a66541ec1e01172a22f50da7d9, testClosedPoolBehavior, 349.10257, -10406.8, -10755.902
%!(EXTRA float32=-30.81015)","5392bccc645803a66541ec1e01172a22f50da7d9, testClearOldest, 1.316145e+06, 1.3006846e+06, -15460.375
%!(EXTRA float32=-0.011746695)","5392bccc645803a66541ec1e01172a22f50da7d9, testExceptionOnActivateDuringBorrow, 436.66425, -7207.7036, -7644.3677
%!(EXTRA float32=-17.506283)","5392bccc645803a66541ec1e01172a22f50da7d9, testFIFO, 451.24646, -7401.9727, -7853.219
%!(EXTRA float32=-17.403393)","5392bccc645803a66541ec1e01172a22f50da7d9, testClear, 551.5386, -11393.035, -11944.574
%!(EXTRA float32=-21.656824)","5392bccc645803a66541ec1e01172a22f50da7d9, testConstructors, 542.13666, -16181.799, -16723.936
%!(EXTRA float32=-30.848192)","5392bccc645803a66541ec1e01172a22f50da7d9, testBaseNumActiveNumIdle, 397.2151, -11808.939, -12206.154
%!(EXTRA float32=-30.729332)","5392bccc645803a66541ec1e01172a22f50da7d9, testBaseBorrow, 407.50128, -12765.383, -13172.884
%!(EXTRA float32=-32.325993)","5392bccc645803a66541ec1e01172a22f50da7d9, testMinIdleNoPreparePool, 300706.28, 293962.16, -6744.125
%!(EXTRA float32=-0.022427587)","5392bccc645803a66541ec1e01172a22f50da7d9, testBaseNumActiveNumIdle2, 401.85846, -11991.891, -12393.749
%!(EXTRA float32=-30.84108)","5392bccc645803a66541ec1e01172a22f50da7d9, testMaxIdle, 772.63446, -7830.3267, -8602.961
%!(EXTRA float32=-11.134582)","5392bccc645803a66541ec1e01172a22f50da7d9, testExceptionOnDestroyDuringBorrow, 483.77304, -7073.3047, -7557.0776
%!(EXTRA float32=-15.621121)","5392bccc645803a66541ec1e01172a22f50da7d9, testBaseAddObject, 393.52567, -12444.958, -12838.483
%!(EXTRA float32=-32.62426)","5392bccc645803a66541ec1e01172a22f50da7d9, testMaxTotal, 456.74832, -7558.4517, -8015.2
%!(EXTRA float32=-17.548395)","5392bccc645803a66541ec1e01172a22f50da7d9, testSettersAndGetters, 489.7309, -7239.533, -7729.264
%!(EXTRA float32=-15.782677)","5392bccc645803a66541ec1e01172a22f50da7d9, testBaseInvalidateObject, 339.6164, -11401.758, -11741.374
%!(EXTRA float32=-34.57246)","5392bccc645803a66541ec1e01172a22f50da7d9, testKPOFBorrowObjectUsages, 455.02026, -12793.496, -13248.517
%!(EXTRA float32=-29.116322)","5392bccc645803a66541ec1e01172a22f50da7d9, testKPOFInvalidateObjectUsages, 250445.11, 239512.78, -10932.328
%!(EXTRA float32=-0.043651596)","5392bccc645803a66541ec1e01172a22f50da7d9, testMaxTotalPerKey, 414.32407, -6898.514, -7312.8384
%!(EXTRA float32=-17.650045)","5392bccc645803a66541ec1e01172a22f50da7d9, testJmxRegistration, 435.45065, -7795.317, -8230.768
%!(EXTRA float32=-18.901724)","5392bccc645803a66541ec1e01172a22f50da7d9, testExceptionOnDestroyDuringReturn, 547.5327, -4481.6284, -5029.161
%!(EXTRA float32=-9.185134)","5392bccc645803a66541ec1e01172a22f50da7d9, testKPOFReturnObjectUsages, 560.3653, -7995.622, -8555.987
%!(EXTRA float32=-15.268589)","5392bccc645803a66541ec1e01172a22f50da7d9, testEvictionOrder, 2.0027101e+06, 1.9825815e+06, -20128.625
%!(EXTRA float32=-0.010050671)","5392bccc645803a66541ec1e01172a22f50da7d9, testNegativeMaxTotalPerKey, 408.00955, -7449.3516, -7857.3613
%!(EXTRA float32=-19.257788)","5392bccc645803a66541ec1e01172a22f50da7d9, testMinIdleMaxTotalPerKey, 901526.56, 890390.1, -11136.4375
%!(EXTRA float32=-0.012352847)","5392bccc645803a66541ec1e01172a22f50da7d9, testExceptionOnPassivateDuringReturn, 524.88354, -6621.3555, -7146.2393
%!(EXTRA float32=-13.614903)","5392bccc645803a66541ec1e01172a22f50da7d9, testJmxNotification, 542.55066, -4981.2363, -5523.787
%!(EXTRA float32=-10.181146)","5392bccc645803a66541ec1e01172a22f50da7d9, testMaxIdleZero, 369.26297, -5823.1304, -6192.3936
%!(EXTRA float32=-16.769604)","5392bccc645803a66541ec1e01172a22f50da7d9, testWhenExhaustedBlockClosePool, 400606.2, 397304.7, -3301.5
%!(EXTRA float32=-0.008241269)","5392bccc645803a66541ec1e01172a22f50da7d9, testEvictionInvalid, 1.3024951e+06, 1.2832965e+06, -19198.625
%!(EXTRA float32=-0.014739873)","5392bccc645803a66541ec1e01172a22f50da7d9, testEvictionOrder, 2.003204e+06, 1.9695815e+06, -33622.5
%!(EXTRA float32=-0.01678436)","5392bccc645803a66541ec1e01172a22f50da7d9, testMaxWaitMultiThreaded, 1.0019725e+06, 980850.7, -21121.812
%!(EXTRA float32=-0.021080257)","5392bccc645803a66541ec1e01172a22f50da7d9, testPOFCloseUsages, 402.532, -9574.023, -9976.556
%!(EXTRA float32=-24.784502)","5392bccc645803a66541ec1e01172a22f50da7d9, testTimeoutNoLeak, 10454.411, 2292.1855, -8162.2256
%!(EXTRA float32=-0.7807447)","5392bccc645803a66541ec1e01172a22f50da7d9, testPOFAddObjectUsage, 284.60852, -12184.772, -12469.381
%!(EXTRA float32=-43.812393)","5392bccc645803a66541ec1e01172a22f50da7d9, testBaseInvalidateObject, 204.27219, -10587.669, -10791.941
%!(EXTRA float32=-52.831184)","5392bccc645803a66541ec1e01172a22f50da7d9, testAddObject, 317.17252, -6028.6343, -6345.8066
%!(EXTRA float32=-20.00743)","5392bccc645803a66541ec1e01172a22f50da7d9, testStartAndStopEvictor, 400713.16, 393416.34, -7296.8125
%!(EXTRA float32=-0.01820955)","5392bccc645803a66541ec1e01172a22f50da7d9, testEvictionWithNegativeNumTests, 400834.28, 392669.5, -8164.7812
%!(EXTRA float32=-0.020369498)","5392bccc645803a66541ec1e01172a22f50da7d9, testJmxRegistration, 352.134, -6824.9956, -7177.1294
%!(EXTRA float32=-20.381813)","5392bccc645803a66541ec1e01172a22f50da7d9, testFIFO, 331.25928, -5953.3926, -6284.652
%!(EXTRA float32=-18.972002)","5392bccc645803a66541ec1e01172a22f50da7d9, testPOFBorrowObjectUsages, 302.37433, -11748.858, -12051.232
%!(EXTRA float32=-39.855343)","5392bccc645803a66541ec1e01172a22f50da7d9, testEvictWhileEmpty, 302.0864, -5687.9653, -5990.052
%!(EXTRA float32=-19.828936)","5392bccc645803a66541ec1e01172a22f50da7d9, testEvictFIFO, 125455, 117461.52, -7993.4766
%!(EXTRA float32=-0.06371586)","5392bccc645803a66541ec1e01172a22f50da7d9, testExceptionOnActivateDuringBorrow, 380.55188, -6481.8223, -6862.374
%!(EXTRA float32=-18.03269)","5392bccc645803a66541ec1e01172a22f50da7d9, testBaseNumActiveNumIdle, 205.86284, -10219.149, -10425.013
%!(EXTRA float32=-50.640575)","5392bccc645803a66541ec1e01172a22f50da7d9, testClosedPoolBehavior, 274.9319, -12369.236, -12644.168
%!(EXTRA float32=-45.990185)","5392bccc645803a66541ec1e01172a22f50da7d9, testBaseClosePool, 264.61942, -11930.445, -12195.064
%!(EXTRA float32=-46.085297)","5392bccc645803a66541ec1e01172a22f50da7d9, testPOFClearUsages, 455.46298, -6861.4536, -7316.9165
%!(EXTRA float32=-16.064789)","5392bccc645803a66541ec1e01172a22f50da7d9, testDebugInfo, 352.64444, -7587.9614, -7940.606
%!(EXTRA float32=-22.517315)","5392bccc645803a66541ec1e01172a22f50da7d9, testBaseClear, 263.37393, -12215.787, -12479.161
%!(EXTRA float32=-47.381916)","5392bccc645803a66541ec1e01172a22f50da7d9, testMinIdle, 601199.4, 589775.4, -11424
%!(EXTRA float32=-0.019002033)","5392bccc645803a66541ec1e01172a22f50da7d9, testJmxNotification, 425.30084, -4498.919, -4924.2197
%!(EXTRA float32=-11.578203)","5392bccc645803a66541ec1e01172a22f50da7d9, testBaseAddObject, 258.88354, -12083.349, -12342.232
%!(EXTRA float32=-47.674843)","5392bccc645803a66541ec1e01172a22f50da7d9, testEvictAddObjects, 851400.7, 843182.1, -8218.5625
%!(EXTRA float32=-0.009652974)","5392bccc645803a66541ec1e01172a22f50da7d9, testClose, 143.81439, -6906.521, -7050.3354
%!(EXTRA float32=-49.023853)","5392bccc645803a66541ec1e01172a22f50da7d9, testMaxTotal, 358.6402, -7057.07, -7415.71
%!(EXTRA float32=-20.677298)","5392bccc645803a66541ec1e01172a22f50da7d9, testExceptionOnDestroyDuringReturn, 401.65335, -3621.508, -4023.1614
%!(EXTRA float32=-10.016501)","5392bccc645803a66541ec1e01172a22f50da7d9, testBaseBorrowReturn, 200.75787, -10097.462, -10298.22
%!(EXTRA float32=-51.296715)","5392bccc645803a66541ec1e01172a22f50da7d9, testMinIdleMaxTotal, 901405.7, 889157.7, -12248
%!(EXTRA float32=-0.013587667)","5392bccc645803a66541ec1e01172a22f50da7d9, testWhenExhaustedBlockInterupt, 400618.38, 393475.7, -7142.6875
%!(EXTRA float32=-0.017829146)","5392bccc645803a66541ec1e01172a22f50da7d9, testPOFReturnObjectUsages, 439.91766, -7645.5215, -8085.439
%!(EXTRA float32=-18.379436)","5392bccc645803a66541ec1e01172a22f50da7d9, testNegativeMaxTotal, 324.84573, -5957.0767, -6281.9224
%!(EXTRA float32=-19.338171)","5392bccc645803a66541ec1e01172a22f50da7d9, testMaxIdle, 422.27496, -7162.5957, -7584.8706
%!(EXTRA float32=-17.961924)","5392bccc645803a66541ec1e01172a22f50da7d9, testWhenExhaustedBlock, 10400.834, 4003.9434, -6396.8906
%!(EXTRA float32=-0.6150363)","5392bccc645803a66541ec1e01172a22f50da7d9, testExceptionOnDestroyDuringBorrow, 362.1087, -7184.136, -7546.245
%!(EXTRA float32=-20.839724)","5392bccc645803a66541ec1e01172a22f50da7d9, testDefaultConfiguration, 309.61066, -6473.338, -6782.9487
%!(EXTRA float32=-21.907995)","5392bccc645803a66541ec1e01172a22f50da7d9, testEvictionSoftMinIdle, 3.5015032e+06, 3.47924e+06, -22263.25
%!(EXTRA float32=-0.006358191)","5392bccc645803a66541ec1e01172a22f50da7d9, testBrokenFactoryShouldNotBlockPool, 336.8645, -5992.5225, -6329.3867
%!(EXTRA float32=-18.789118)","5392bccc645803a66541ec1e01172a22f50da7d9, testEvictLIFO, 125438.29, 118906.6, -6531.6875
%!(EXTRA float32=-0.052070946)","5392bccc645803a66541ec1e01172a22f50da7d9, testMaxTotalZero, 309.49866, -5986.7534, -6296.252
%!(EXTRA float32=-20.34339)","5392bccc645803a66541ec1e01172a22f50da7d9, testExceptionOnPassivateDuringReturn, 385.39963, -3777.7747, -4163.1743
%!(EXTRA float32=-10.802227)","5392bccc645803a66541ec1e01172a22f50da7d9, testBorrowObjectFairness, 8.507728e+06, 8.48693e+06, -20798
%!(EXTRA float32=-0.0024446447)","5392bccc645803a66541ec1e01172a22f50da7d9, testUnsupportedOperations, 186.01309, -7835.3735, -8021.3867
%!(EXTRA float32=-43.1227)","5392bccc645803a66541ec1e01172a22f50da7d9, testPOFInvalidateObjectUsages, 250432.83, 238144.4, -12288.422
%!(EXTRA float32=-0.04906875)","5392bccc645803a66541ec1e01172a22f50da7d9, testToString, 232.94942, -11311.825, -11544.774
%!(EXTRA float32=-49.559147)","5392bccc645803a66541ec1e01172a22f50da7d9, testWhenExhaustedFail, 353.7485, -6038.561, -6392.3096
%!(EXTRA float32=-18.07021)","5392bccc645803a66541ec1e01172a22f50da7d9, testSetConfig, 470.768, -5552.632, -6023.4
%!(EXTRA float32=-12.794837)","5392bccc645803a66541ec1e01172a22f50da7d9, testLIFO, 333.48883, -5734.472, -6067.961
%!(EXTRA float32=-18.195395)","5392bccc645803a66541ec1e01172a22f50da7d9, testSettersAndGetters, 408.53232, -6072.7905, -6481.3228
%!(EXTRA float32=-15.864896)","5392bccc645803a66541ec1e01172a22f50da7d9, testMakeConcurrentWithReturn, 450629.97, 442228.78, -8401.1875
%!(EXTRA float32=-0.01864322)","5392bccc645803a66541ec1e01172a22f50da7d9, testBaseBorrow, 247.414, -12191.786, -12439.2
%!(EXTRA float32=-50.276863)","5392bccc645803a66541ec1e01172a22f50da7d9, testContextClassLoader, 3.5189744e+07, 3.8584608e+08, 3.5065632e+08
%!(EXTRA float32=9.96473)","07009a6099c7b20700e03975a441aa199fc2dbb8, testStartAndStopEvictor, 400982.62, 403279.9, 2297.2812
%!(EXTRA float32=0.005729107)","07009a6099c7b20700e03975a441aa199fc2dbb8, testConstructors, 1001.17145, 2319.7666, 1318.5952
%!(EXTRA float32=1.3170524)","6df9afdb2c5125beb388b67570f73818d660aa12, testKPOFClearUsages, 514.6713, -1046.7737, -1561.4451
%!(EXTRA float32=-3.0338683)","6df9afdb2c5125beb388b67570f73818d660aa12, testBaseNumActiveNumIdle2, 557.7969, 2949.313, 2391.516
%!(EXTRA float32=4.2874317)","6df9afdb2c5125beb388b67570f73818d660aa12, testWhenExhaustedBlockClosePool, 400854.97, 403412.06, 2557.0938
%!(EXTRA float32=0.006379091)","6df9afdb2c5125beb388b67570f73818d660aa12, testMaxWaitMultiThreaded, 1.00257394e+06, 1.0125757e+06, 10001.75
%!(EXTRA float32=0.009976072)","6df9afdb2c5125beb388b67570f73818d660aa12, testBaseBorrow, 581.97565, 1114.8848, 532.9091
%!(EXTRA float32=0.9156897)"
